Days;Hours;Minutes;Students;StudentsInfected;Workers;WorkersInfected;OccupiedWorkers;OccupiedWorkersInfected;EssentialJobWorkers;EssentialJobWorkersInfected;Retired;RetiredInfected;ExposedStudentsByDay;ExposedWorkersByDay;ExposedRetiredByDay;ExposedVaccinatedByDay;ExposedAtHome;ExposedAtWork;ExposedAtSchool;ExposedAtRetireHome;ExposedAtFriendsHome;ExposedAtPark;ExposedAtPub;ExposedOnRoad;ExposedAtSupermarket;ExposedAtHospital;ExposedAtGym;StudentsExposedByStudent;WorkersExposedByStudent;RetiredExposedByStudent;StudentsExposedByWorker;WorkersExposedByWorker;RetiredExposedByWorker;StudentsExposedByRetired;WorkersExposedByRetired;RetiredExposedByRetired;StudentsExposedTwice;StudentsExposedThriceOrMore;WorkersExposedTwice;WorkersExposedThriceOrMore;RetiredExposedTwice;RetiredExposedThriceOrMore;SymptomaticStudentsByDay;SymptomaticWorkersByDay;SymptomaticRetiredByDay;AsymptomaticStudentsByDay;AsymptomaticWorkersByDay;AsymptomaticRetiredByDay;CriticalStudentsByDay;CriticalWorkersByDay;CriticalRetiredByDay;IntensiveStudentsByDay;IntensiveWorkersByDay;IntensiveRetiredByDay;DeathsCriticalStudentsByDay;DeathsCriticalWorkersByDay;DeathsCriticalRetiredByDay;DeathsIntensiveStudentsByDay;DeathsIntensiveWorkersByDay;DeathsIntensiveRetiredByDay;RecoveredSymptomaticStudentsByDay;RecoveredSymptomaticWorkersByDay;RecoveredSymptomaticRetiredByDay;RecoveredAsymptomaticStudentsByDay;RecoveredAsymptomaticWorkersByDay;RecoveredAsymptomaticRetiredByDay;MinutesAtWorkWorkerSusceptible;MinutesAtSchoolWorkerSusceptible;MinutesAtHomeWorkerSusceptible;MinutesAtFriendHomeWorkerSusceptible;MinutesAtGymWorkerSusceptible;MinutesAtPubWorkerSusceptible;MinutesAtWorkStudentSusceptible;MinutesAtSchoolStudentSusceptible;MinutesAtHomeStudentSusceptible;MinutesAtFriendHomeStudentSusceptible;MinutesAtGymStudentSusceptible;MinutesAtPubStudentSusceptible;MinutesAtWorkRetiredSusceptible;MinutesAtSchoolRetiredSusceptible;MinutesAtHomeRetiredSusceptible;MinutesAtFriendHomeRetiredSusceptible;MinutesAtGymRetiredSusceptible;MinutesAtPubRetiredSusceptible;MinutesAtWorkWorkerInfected;MinutesAtSchoolWorkerInfected;MinutesAtHomeWorkerInfected;MinutesAtFriendHomeWorkerInfected;MinutesAtGymWorkerInfected;MinutesAtPubWorkerInfected;MinutesAtWorkStudentInfected;MinutesAtSchoolStudentInfected;MinutesAtHomeStudentInfected;MinutesAtFriendHomeStudentInfected;MinutesAtGymStudentInfected;MinutesAtPubStudentInfected;MinutesAtWorkRetiredInfected;MinutesAtSchoolRetiredInfected;MinutesAtHomeRetiredInfected;MinutesAtFriendHomeRetiredInfected;MinutesAtGymRetiredInfected;MinutesAtPubRetiredInfected;
0;0;0;196560;7;381024;14;184201;4;82604;3;308416;14;0;0;0;0;0;0;0;0;0;0;0;0;0;0;0;0;0;0;0;0;0;0;0;0;0;0;0;0;0;0;1;6;3;6;8;11;0;0;0;0;0;0;0;0;0;0;0;0;0;0;0;0;0;0;0;0;0;0;0;0;0;0;0;0;0;0;0;0;0;0;0;0;0;0;0;0;0;0;0;0;0;0;0;0;0;0;0;0;0;0;
1;0;0;196560;7;381024;14;184201;4;82604;3;308416;14;0;0;0;0;0;0;0;0;0;0;0;0;0;0;0;0;0;0;0;0;0;0;0;0;0;0;0;0;0;0;0;0;0;0;0;0;0;0;0;0;0;0;0;0;0;0;0;0;0;0;0;0;0;0;4.2665E+07;0;4.660544E+08;0;0;7.752801E+07;0;0;3.7882E+08;0;0;7.027317E+07;0;0;5.888031E+08;0;0;1.132784E+08;1560;0;11162;0;0;620;0;0;14246;0;0;1844;0;0;23496;0;0;5662;
2;0;0;196560;7;381024;14;184201;4;82604;3;308416;14;0;0;0;0;0;0;0;0;0;0;0;0;0;0;0;0;0;0;0;0;0;0;0;0;0;0;0;0;0;0;0;0;0;0;0;0;0;0;0;0;0;0;0;0;0;0;0;0;0;0;0;0;0;0;8.878551E+07;0;1.723347E+08;0;8812316;5.410567E+07;0;6.016746E+07;1.427123E+08;0;1.347477E+07;3.777046E+07;0;0;6.216537E+08;0;3.079539E+07;6.986598E+07;2184;0;4800;0;118;1442;0;2282;7050;0;488;1108;0;0;29108;0;850;1352;
3;0;0;196560;7;381024;14;184201;4;82604;3;308416;14;0;1;0;0;1;0;0;0;0;0;0;0;0;0;0;0;0;0;0;1;0;0;0;0;0;0;0;0;0;0;0;0;0;0;0;0;0;0;0;0;0;0;0;0;0;0;0;0;0;0;0;0;0;0;7.031001E+07;0;1.270786E+08;0;1.775249E+07;4.070521E+07;0;5.335114E+07;1.327775E+08;0;7502326;3.778323E+07;0;0;6.093511E+08;0;1.50498E+07;6.638682E+07;1560;0;2706;0;590;1140;0;1942;4708;0;354;1050;0;0;23538;0;1468;1742;
4;0;0;196560;7;381024;14;184201;4;82604;3;308416;14;1;2;0;0;0;0;0;0;3;0;0;0;0;0;0;0;0;0;0;0;0;1;2;0;0;0;0;0;0;0;0;0;0;0;0;0;0;0;0;0;0;0;0;0;0;0;0;0;0;0;0;0;0;0;6.762274E+07;0;1.708312E+08;0;7400618;5.139631E+07;0;5.298714E+07;1.251045E+08;0;1.484494E+07;3.543886E+07;0;0;4.743662E+08;0;3.960605E+07;8.378204E+07;1872;0;3860;0;0;1340;0;1944;6520;0;420;1048;0;0;16024;0;808;4172;
5;0;0;196560;7;381024;14;184201;4;82604;3;308416;13;0;3;1;0;0;0;0;0;4;0;0;0;0;0;0;0;0;0;0;0;0;0;3;1;0;0;0;0;0;0;0;0;0;0;0;0;0;0;0;0;0;0;0;0;0;0;0;0;0;0;0;0;0;1;6.489365E+07;0;1.189537E+08;0;2.396948E+07;4.245573E+07;0;5.228196E+07;1.30256E+08;0;7458106;3.938601E+07;0;0;5.346738E+08;0;1.647441E+07;6.994006E+07;1872;0;2702;0;750;1282;0;2250;5748;0;530;1224;0;0;17280;0;896;1684;
6;0;0;196560;7;381024;14;184201;4;82604;3;308416;13;2;2;1;0;0;0;0;0;5;0;0;0;0;0;0;0;0;0;0;0;0;2;2;1;0;0;0;0;0;0;0;0;0;0;0;0;0;0;0;0;0;0;0;0;0;0;0;0;0;0;0;0;0;0;6.640762E+07;0;1.871018E+08;0;7341948;5.368268E+07;0;5.159334E+07;1.275257E+08;0;1.288509E+07;3.539665E+07;0;0;5.023373E+08;0;3.297381E+07;8.619113E+07;1872;0;4590;0;236;1866;0;1944;5720;0;414;1046;0;0;18278;0;786;2860;
7;0;0;196560;7;381024;14;184201;4;82604;3;308416;13;0;1;1;0;0;0;0;0;2;0;0;0;0;0;0;0;0;0;0;1;1;0;0;0;0;0;0;0;0;0;0;0;0;0;0;0;0;0;0;0;0;0;0;0;0;0;0;0;0;0;0;0;0;0;6.483349E+07;0;1.203373E+08;0;2.091654E+07;4.219683E+07;0;5.177882E+07;1.277496E+08;0;7795172;3.919465E+07;0;0;5.101699E+08;0;1.649859E+07;6.957698E+07;1872;0;3124;0;472;1346;0;1934;5782;0;530;1240;0;0;17758;0;842;2788;
8;0;0;196560;6;381024;10;184201;3;82604;2;308416;11;0;1;2;0;1;0;0;0;2;0;0;0;0;0;0;0;0;0;0;1;0;0;0;2;0;0;0;0;0;0;0;0;0;0;0;0;0;0;0;0;0;0;0;0;0;0;0;0;1;1;0;0;3;2;6.618194E+07;0;1.926442E+08;0;8215736;5.320297E+07;0;5.104602E+07;1.261008E+08;0;1.212891E+07;3.556219E+07;0;0;5.416658E+08;0;3.052122E+07;8.476761E+07;1560;0;3950;0;118;988;0;1946;5794;0;354;1046;0;0;13472;0;670;1646;
9;0;0;196560;5;381024;10;184201;4;82604;2;308416;8;0;1;1;0;0;0;0;0;2;0;0;0;0;0;0;0;0;0;0;0;0;0;1;1;0;0;0;0;0;0;0;0;0;0;3;1;0;0;0;0;0;0;0;0;0;0;0;0;0;2;1;1;1;3;6.484302E+07;0;1.25091E+08;0;2.010572E+07;4.359366E+07;0;5.136389E+07;1.271761E+08;0;8220794;3.978083E+07;0;0;5.129419E+08;0;1.898627E+07;6.713326E+07;936;0;1538;0;354;522;0;1624;3460;0;354;872;0;0;13574;0;236;1016;
10;0;0;196560;4;381024;11;184201;5;82604;2;308416;8;0;0;1;0;0;0;0;0;1;0;0;0;0;0;0;0;0;0;0;0;1;0;0;0;0;0;0;0;0;0;0;0;0;0;2;1;0;0;0;0;0;0;0;0;0;0;0;0;0;1;0;1;0;1;6.601301E+07;0;1.848091E+08;0;8415822;4.994757E+07;0;5.08291E+07;1.250191E+08;0;1.163961E+07;3.571789E+07;0;0;5.439124E+08;0;2.582242E+07;8.230038E+07;624;0;1948;0;0;174;0;1296;4938;0;118;696;0;0;14520;0;236;938;
11;0;0;196560;3;381024;10;184201;5;82604;1;308416;5;0;0;2;0;0;0;0;0;2;0;0;0;0;0;0;0;0;0;0;0;2;0;0;0;0;0;0;0;0;0;0;1;0;0;0;0;0;0;0;0;1;0;0;0;0;0;0;0;0;1;1;1;1;2;6.505226E+07;0;1.278458E+08;0;2.098446E+07;4.398056E+07;0;5.106358E+07;1.266808E+08;0;8596976;3.982422E+07;0;0;4.913319E+08;0;2.278157E+07;6.552703E+07;312;0;536;0;118;174;0;970;1444;0;530;346;0;0;6458;0;118;422;
12;0;0;196560;4;381024;10;184201;5;82604;2;308416;3;0;0;0;0;0;0;0;0;0;0;0;0;0;0;0;0;0;0;0;0;0;0;0;0;0;0;0;0;0;0;0;1;0;1;1;1;0;0;0;0;0;0;0;0;0;0;0;0;0;1;1;0;1;2;6.598771E+07;0;1.811641E+08;0;8901810;5.090213E+07;0;5.062897E+07;1.271144E+08;0;1.120986E+07;3.596026E+07;0;0;5.338771E+08;0;2.256906E+07;8.158685E+07;312;0;2342;0;0;0;0;970;3966;0;0;764;0;0;0;0;0;0;
13;0;0;196560;3;381024;10;184201;6;82604;2;308416;3;1;0;1;0;0;0;0;0;2;0;0;0;0;0;0;0;0;0;1;0;1;0;0;0;0;0;0;0;0;0;0;0;0;2;1;0;0;0;0;0;0;0;0;0;0;0;0;0;0;0;0;3;1;0;6.543705E+07;0;1.289372E+08;0;1.899133E+07;4.439483E+07;0;5.080694E+07;1.253348E+08;0;8641026;3.995689E+07;0;0;4.740644E+08;0;2.500438E+07;6.62495E+07;312;0;542;0;118;176;0;0;0;0;0;0;0;0;0;0;0;0;
14;0;0;196560;3;381024;10;184201;6;82604;2;308416;5;2;1;2;0;0;0;0;0;5;0;0;0;0;0;0;0;0;0;1;1;1;1;0;1;0;0;0;0;0;0;0;0;0;0;0;2;0;0;0;0;0;0;0;0;0;0;0;0;0;0;0;0;0;0;6.658982E+07;0;1.88408E+08;0;9654848;4.991151E+07;0;5.043762E+07;1.28461E+08;0;1.102853E+07;3.639146E+07;0;0;5.311234E+08;0;2.009805E+07;7.955691E+07;310;0;1112;0;0;248;0;0;0;0;0;0;0;0;0;0;0;0;
15;0;0;196560;3;381024;10;184201;6;82604;2;308416;5;0;2;1;0;0;0;0;0;3;0;0;0;0;0;0;0;0;0;0;1;1;0;1;0;0;0;0;0;0;0;0;0;0;0;0;0;0;0;0;0;0;0;0;0;0;0;0;0;0;0;0;0;0;0;6.640187E+07;0;1.34158E+08;0;1.77767E+07;4.53407E+07;0;5.06072E+07;1.25805E+08;0;8873758;3.94175E+07;0;0;4.574434E+08;0;2.766362E+07;7.055936E+07;312;0;538;0;118;174;0;0;0;0;0;0;0;0;0;0;0;0;
16;0;0;196560;3;381024;11;184201;7;82604;2;308416;6;0;0;1;0;0;0;0;0;1;0;0;0;0;0;0;0;0;0;0;0;1;0;0;0;0;0;0;0;0;0;0;0;0;0;2;1;0;0;0;0;0;0;0;0;0;0;0;0;0;0;0;0;1;0;6.701462E+07;0;1.758526E+08;0;9768636;4.735965E+07;0;5.030041E+07;1.258816E+08;0;1.08441E+07;3.623324E+07;0;0;5.211121E+08;0;1.810717E+07;7.581821E+07;0;0;0;0;0;0;0;0;0;0;0;0;0;0;0;0;0;0;
17;0;0;196560;4;381024;10;184201;7;82604;1;308416;5;0;0;1;0;0;0;0;0;1;0;0;0;0;0;0;0;0;0;0;0;1;0;0;0;0;0;0;0;0;0;0;0;0;1;0;0;0;0;0;0;0;0;0;0;0;0;0;0;0;0;0;0;1;1;6.656722E+07;0;1.338671E+08;0;1.872197E+07;4.450056E+07;0;5.043497E+07;1.259469E+08;0;9211272;3.988625E+07;0;0;4.576231E+08;0;2.82178E+07;7.452747E+07;0;0;0;0;0;0;0;0;0;0;0;0;0;0;0;0;0;0;
18;0;0;196560;4;381024;8;184201;5;82604;1;308416;6;0;0;0;0;0;0;0;0;0;0;0;0;0;0;0;0;0;0;0;0;0;0;0;0;0;0;0;0;0;0;0;0;0;0;0;1;0;0;0;0;0;0;0;0;0;0;0;0;0;0;0;0;2;0;6.702968E+07;0;1.759804E+08;0;1.0124E+07;4.778532E+07;0;5.019198E+07;1.278622E+08;0;1.069227E+07;3.658293E+07;0;0;5.269082E+08;0;1.740342E+07;7.381061E+07;0;0;0;0;0;0;0;0;0;0;0;0;0;0;0;0;0;0;
19;0;0;196560;4;381024;6;184201;4;82604;1;308416;7;1;0;1;0;0;0;0;0;2;0;0;0;0;0;0;1;0;0;0;0;1;0;0;0;0;0;0;0;0;0;0;0;0;0;0;2;0;0;0;0;0;0;0;0;0;0;0;0;0;1;0;0;1;1;6.628454E+07;0;1.367908E+08;0;1.739411E+07;4.595672E+07;0;5.02917E+07;1.257652E+08;0;9130188;3.936958E+07;0;0;4.67149E+08;0;2.714283E+07;7.500211E+07;0;0;0;0;0;0;0;0;0;0;0;0;0;0;0;0;0;0;
20;0;0;196560;4;381024;4;184201;4;82604;0;308416;7;0;0;0;0;0;0;0;0;0;0;0;0;0;0;0;0;0;0;0;0;0;0;0;0;0;0;0;0;0;0;0;0;0;1;2;1;0;0;0;0;0;0;0;0;0;0;0;0;0;1;0;1;3;1;6.671966E+07;0;1.788644E+08;0;1.052668E+07;4.709573E+07;0;5.011534E+07;1.286271E+08;0;1.063206E+07;3.672426E+07;0;0;5.192945E+08;0;1.75357E+07;7.302109E+07;0;0;0;0;0;0;0;0;0;0;0;0;0;0;0;0;0;0;
21;0;0;196560;4;381024;4;184201;4;82604;0;308416;9;1;0;2;0;0;0;0;0;3;0;0;0;0;0;0;1;0;2;0;0;0;0;0;0;0;0;0;0;0;0;0;0;0;0;0;2;0;0;0;0;0;0;0;0;0;0;0;0;0;0;0;0;0;0;6.626025E+07;0;1.416415E+08;0;1.664348E+07;4.663123E+07;0;5.017421E+07;1.258079E+08;0;9253748;3.947519E+07;0;0;4.802029E+08;0;2.794877E+07;7.383832E+07;0;0;0;0;0;0;0;0;0;0;0;0;0;0;0;0;0;0;
22;0;0;196560;5;381024;5;184201;4;82604;1;308416;10;0;1;0;0;0;0;0;0;1;0;0;0;0;0;0;0;0;0;0;1;0;0;0;0;0;0;0;0;0;0;0;0;0;1;1;1;0;0;0;0;0;0;0;0;0;0;0;0;0;0;0;0;0;0;6.668998E+07;0;1.71751E+08;0;1.12534E+07;4.620622E+07;0;5.000958E+07;1.266536E+08;0;1.0526E+07;3.678413E+07;0;0;5.09665E+08;0;1.842983E+07;7.434274E+07;0;0;0;0;0;0;0;0;0;0;0;0;0;0;0;0;0;0;
23;0;0;196560;4;381024;5;184201;4;82604;1;308416;10;0;0;0;0;0;0;0;0;0;0;0;0;0;0;0;0;0;0;0;0;0;0;0;0;0;0;0;0;0;0;0;0;0;0;0;1;0;0;0;0;0;0;0;0;0;0;0;0;0;0;0;1;0;1;6.631003E+07;0;1.4042E+08;0;1.733676E+07;4.576322E+07;0;5.005506E+07;1.26608E+08;0;9501442;3.919483E+07;0;0;4.8242E+08;0;2.729132E+07;7.208036E+07;0;0;0;0;0;0;0;0;0;0;0;0;0;0;0;0;0;0;
24;0;0;196560;4;381024;4;184201;3;82604;1;308416;10;0;1;0;0;0;0;0;0;1;0;0;0;0;0;0;0;1;0;0;0;0;0;0;0;0;0;0;0;0;0;0;0;0;0;0;1;0;0;0;0;0;0;0;0;0;0;0;0;0;0;0;0;1;1;6.657006E+07;0;1.69486E+08;0;1.139439E+07;4.674986E+07;0;4.993003E+07;1.276413E+08;0;1.042133E+07;3.682297E+07;0;0;5.224679E+08;0;1.838698E+07;7.615998E+07;0;0;0;0;0;0;0;0;0;0;0;0;0;0;0;0;0;0;
25;0;0;196560;4;381024;4;184201;3;82604;1;308416;9;0;0;0;0;0;0;0;0;0;0;0;0;0;0;0;0;0;0;0;0;0;0;0;0;0;0;0;0;0;0;0;0;0;0;0;0;0;0;0;0;0;0;0;0;0;0;0;0;0;0;0;0;0;1;6.608701E+07;0;1.423289E+08;0;1.619609E+07;4.737392E+07;0;4.999171E+07;1.261205E+08;0;9347208;3.921968E+07;0;0;4.76642E+08;0;2.634672E+07;7.139502E+07;0;0;0;0;0;0;0;0;0;0;0;0;0;0;0;0;0;0;
26;0;0;196560;3;381024;5;184201;4;82604;1;308416;8;0;0;0;0;0;0;0;0;0;0;0;0;0;0;0;0;0;0;0;0;0;0;0;0;0;0;0;0;0;0;0;0;0;1;1;1;0;0;0;0;0;0;0;0;0;0;0;0;0;0;0;2;0;2;6.651863E+07;0;1.737738E+08;0;1.182212E+07;4.682817E+07;0;4.98917E+07;1.285645E+08;0;1.042214E+07;3.713538E+07;0;0;5.165374E+08;0;1.79039E+07;7.474113E+07;0;0;0;0;0;0;0;0;0;0;0;0;0;0;0;0;0;0;
27;0;0;196560;3;381024;5;184201;4;82604;1;308416;8;0;0;0;0;0;0;0;0;0;0;0;0;0;0;0;0;0;0;0;0;0;0;0;0;0;0;0;0;0;0;0;0;0;0;0;0;0;0;0;0;0;0;0;0;0;0;0;0;0;0;0;0;0;0;6.641692E+07;0;1.454734E+08;0;1.530847E+07;4.69799E+07;0;4.992772E+07;1.268754E+08;0;9424958;3.872241E+07;0;0;4.749044E+08;0;2.830941E+07;7.207876E+07;0;0;0;0;0;0;0;0;0;0;0;0;0;0;0;0;0;0;
28;0;0;196560;4;381024;4;184201;3;82604;1;308416;8;0;0;0;0;0;0;0;0;0;0;0;0;0;0;0;0;0;0;0;0;0;0;0;0;0;0;0;0;0;0;0;0;0;1;0;1;0;0;0;0;0;0;0;0;0;0;0;0;0;0;0;0;1;1;6.646906E+07;0;1.651921E+08;0;1.267796E+07;4.579543E+07;0;4.980704E+07;1.264724E+08;0;1.042172E+07;3.683023E+07;0;0;5.034634E+08;0;1.84404E+07;7.342451E+07;0;0;0;0;0;0;0;0;0;0;0;0;0;0;0;0;0;0;
29;0;0;196560;4;381024;3;184201;2;82604;1;308416;7;0;0;0;0;0;0;0;0;0;0;0;0;0;0;0;0;0;0;0;0;0;0;0;0;0;0;0;0;0;0;0;0;0;0;0;0;0;0;0;0;0;0;0;0;0;0;0;0;0;0;0;0;1;1;6.651482E+07;0;1.469732E+08;0;1.565565E+07;4.665274E+07;0;4.990511E+07;1.26931E+08;0;9572782;3.909041E+07;0;0;4.718348E+08;0;2.859908E+07;7.146093E+07;0;0;0;0;0;0;0;0;0;0;0;0;0;0;0;0;0;0;
30;0;0;196560;3;381024;3;184201;2;82604;1;308416;6;0;0;0;0;0;0;0;0;0;0;0;0;0;0;0;0;0;0;0;0;0;0;0;0;0;0;0;0;0;0;0;0;0;0;0;1;0;0;0;0;0;0;0;0;0;0;0;0;0;0;0;1;0;2;6.649917E+07;0;1.658091E+08;0;1.235882E+07;4.628249E+07;0;4.981107E+07;1.270722E+08;0;1.040003E+07;3.707364E+07;0;0;5.034405E+08;0;1.832943E+07;7.423675E+07;0;0;0;0;0;0;0;0;0;0;0;0;0;0;0;0;0;0;
31;0;0;196560;3;381024;3;184201;2;82604;1;308416;6;0;0;1;0;0;0;0;0;1;0;0;0;0;0;0;0;0;0;0;0;0;0;0;1;0;0;0;0;0;0;0;0;0;0;0;0;0;0;0;0;0;0;0;0;0;0;0;0;0;0;0;0;0;0;6.634727E+07;0;1.470028E+08;0;1.543281E+07;4.646063E+07;0;4.983692E+07;1.27586E+08;0;9348334;3.881534E+07;0;0;4.704253E+08;0;2.697629E+07;7.28601E+07;0;0;0;0;0;0;0;0;0;0;0;0;0;0;0;0;0;0;
32;0;0;196560;3;381024;3;184201;2;82604;0;308416;5;0;0;0;0;0;0;0;0;0;0;0;0;0;0;0;0;0;0;0;0;0;0;0;0;0;0;0;0;0;0;0;0;0;0;1;0;0;0;0;0;0;0;0;0;0;0;0;0;0;0;0;0;1;1;6.656168E+07;0;1.664115E+08;0;1.203967E+07;4.708875E+07;0;4.980443E+07;1.275836E+08;0;1.046348E+07;3.703672E+07;0;0;4.968669E+08;0;1.865575E+07;7.34238E+07;0;0;0;0;0;0;0;0;0;0;0;0;0;0;0;0;0;0;
33;0;0;196560;1;381024;3;184201;2;82604;0;308416;3;0;0;0;0;0;0;0;0;0;0;0;0;0;0;0;0;0;0;0;0;0;0;0;0;0;0;0;0;0;0;0;0;0;0;0;0;0;0;0;0;0;0;0;0;0;0;0;0;0;0;0;2;0;2;6.635358E+07;0;1.485633E+08;0;1.523035E+07;4.586264E+07;0;4.977939E+07;1.274155E+08;0;9359942;3.889039E+07;0;0;4.776784E+08;0;2.67799E+07;7.547967E+07;0;0;0;0;0;0;0;0;0;0;0;0;0;0;0;0;0;0;
34;0;0;196560;1;381024;2;184201;1;82604;0;308416;3;0;0;0;0;0;0;0;0;0;0;0;0;0;0;0;0;0;0;0;0;0;0;0;0;0;0;0;0;0;0;0;0;0;0;0;0;0;0;0;0;0;0;0;0;0;0;0;0;0;0;0;0;1;0;6.639277E+07;0;1.640942E+08;0;1.27279E+07;4.696814E+07;0;4.979379E+07;1.255969E+08;0;1.047255E+07;3.70146E+07;0;0;4.883958E+08;0;2.026896E+07;7.215976E+07;0;0;0;0;0;0;0;0;0;0;0;0;0;0;0;0;0;0;
35;0;0;196560;1;381024;1;184201;0;82604;0;308416;3;0;0;0;0;0;0;0;0;0;0;0;0;0;0;0;0;0;0;0;0;0;0;0;0;0;0;0;0;0;0;0;0;0;0;0;0;0;0;0;0;0;0;0;0;0;0;0;0;0;0;0;0;1;0;6.620122E+07;0;1.51436E+08;0;1.530649E+07;4.606751E+07;0;4.972937E+07;1.283127E+08;0;9474288;3.889514E+07;0;0;4.820125E+08;0;2.547945E+07;7.513483E+07;0;0;0;0;0;0;0;0;0;0;0;0;0;0;0;0;0;0;
36;0;0;196560;0;381024;1;184201;0;82604;0;308416;4;0;0;0;0;0;0;0;0;0;0;0;0;0;0;0;0;0;0;0;0;0;0;0;0;0;0;0;0;0;0;0;0;0;0;0;1;0;0;0;0;0;0;0;0;0;0;0;0;0;0;0;1;0;0;6.628364E+07;0;1.593093E+08;0;1.309137E+07;4.608008E+07;0;4.970428E+07;1.257944E+08;0;1.04668E+07;3.696308E+07;0;0;4.965575E+08;0;2.127917E+07;7.271121E+07;0;0;0;0;0;0;0;0;0;0;0;0;0;0;0;0;0;0;
37;0;0;196560;0;381024;1;184201;0;82604;0;308416;2;0;0;0;0;0;0;0;0;0;0;0;0;0;0;0;0;0;0;0;0;0;0;0;0;0;0;0;0;0;0;0;0;0;0;0;0;0;0;0;0;0;0;0;0;0;0;0;0;0;0;0;0;0;2;6.617661E+07;0;1.518025E+08;0;1.455926E+07;4.651355E+07;0;4.973475E+07;1.283879E+08;0;9287624;3.90187E+07;0;0;4.8954E+08;0;2.324436E+07;7.426032E+07;0;0;0;0;0;0;0;0;0;0;0;0;0;0;0;0;0;0;
38;0;0;196560;0;381024;1;184201;0;82604;0;308416;2;0;0;0;0;0;0;0;0;0;0;0;0;0;0;0;0;0;0;0;0;0;0;0;0;0;0;0;0;0;0;0;0;0;0;0;0;0;0;0;0;0;0;0;0;0;0;0;0;0;0;0;0;0;0;6.647931E+07;0;1.642179E+08;0;1.308715E+07;4.726418E+07;0;4.970422E+07;1.26368E+08;0;1.050147E+07;3.724605E+07;0;0;4.943168E+08;0;2.195486E+07;7.310474E+07;0;0;0;0;0;0;0;0;0;0;0;0;0;0;0;0;0;0;
39;0;0;196560;0;381024;1;184201;0;82604;0;308416;2;0;0;0;0;0;0;0;0;0;0;0;0;0;0;0;0;0;0;0;0;0;0;0;0;0;0;0;0;0;0;0;0;0;0;0;0;0;0;0;0;0;0;0;0;0;0;0;0;0;0;0;0;0;0;6.637875E+07;0;1.52172E+08;0;1.409741E+07;4.617833E+07;0;4.96141E+07;1.288771E+08;0;9329414;3.868353E+07;0;0;4.995173E+08;0;2.260008E+07;7.359063E+07;0;0;0;0;0;0;0;0;0;0;0;0;0;0;0;0;0;0;
40;0;0;196560;0;381024;1;184201;0;82604;0;308416;1;0;0;0;0;0;0;0;0;0;0;0;0;0;0;0;0;0;0;0;0;0;0;0;0;0;0;0;0;0;0;0;0;0;0;0;0;0;0;0;0;0;0;0;0;0;0;0;0;0;0;0;0;0;1;6.660054E+07;0;1.597298E+08;0;1.364527E+07;4.606271E+07;0;4.970261E+07;1.249192E+08;0;1.050743E+07;3.694728E+07;0;0;4.858338E+08;0;2.366099E+07;7.337746E+07;0;0;0;0;0;0;0;0;0;0;0;0;0;0;0;0;0;0;
41;0;0;196560;0;381024;0;184201;0;82604;0;308416;0;0;0;0;0;0;0;0;0;0;0;0;0;0;0;0;0;0;0;0;0;0;0;0;0;0;0;0;0;0;0;0;0;0;0;0;0;0;0;0;0;0;0;0;0;0;0;0;0;0;0;0;0;1;1;6.644722E+07;0;1.526582E+08;0;1.438364E+07;4.658637E+07;0;4.965466E+07;1.286673E+08;0;9451846;3.912572E+07;0;0;4.968811E+08;0;2.224931E+07;7.321514E+07;0;0;0;0;0;0;0;0;0;0;0;0;0;0;0;0;0;0;
42;0;0;196560;0;381024;0;184201;0;82604;0;308416;0;0;0;0;0;0;0;0;0;0;0;0;0;0;0;0;0;0;0;0;0;0;0;0;0;0;0;0;0;0;0;0;0;0;0;0;0;0;0;0;0;0;0;0;0;0;0;0;0;0;0;0;0;0;0;6.65193E+07;0;1.581412E+08;0;1.383488E+07;4.561685E+07;0;4.967338E+07;1.249671E+08;0;1.045013E+07;3.718624E+07;0;0;4.866157E+08;0;2.388644E+07;7.47295E+07;0;0;0;0;0;0;0;0;0;0;0;0;0;0;0;0;0;0;
43;0;0;196560;0;381024;0;184201;0;82604;0;308416;0;0;0;0;0;0;0;0;0;0;0;0;0;0;0;0;0;0;0;0;0;0;0;0;0;0;0;0;0;0;0;0;0;0;0;0;0;0;0;0;0;0;0;0;0;0;0;0;0;0;0;0;0;0;0;6.638923E+07;0;1.558425E+08;0;1.369896E+07;4.67819E+07;0;4.958165E+07;1.290553E+08;0;9356136;3.887396E+07;0;0;4.960467E+08;0;2.129064E+07;7.274566E+07;0;0;0;0;0;0;0;0;0;0;0;0;0;0;0;0;0;0;
44;0;0;196560;0;381024;0;184201;0;82604;0;308416;0;0;0;0;0;0;0;0;0;0;0;0;0;0;0;0;0;0;0;0;0;0;0;0;0;0;0;0;0;0;0;0;0;0;0;0;0;0;0;0;0;0;0;0;0;0;0;0;0;0;0;0;0;0;0;6.632331E+07;0;1.593924E+08;0;1.366591E+07;4.669884E+07;0;4.967102E+07;1.260408E+08;0;1.040721E+07;3.70712E+07;0;0;4.84896E+08;0;2.369767E+07;7.484342E+07;0;0;0;0;0;0;0;0;0;0;0;0;0;0;0;0;0;0;
45;0;0;196560;0;381024;0;184201;0;82604;0;308416;0;0;0;0;0;0;0;0;0;0;0;0;0;0;0;0;0;0;0;0;0;0;0;0;0;0;0;0;0;0;0;0;0;0;0;0;0;0;0;0;0;0;0;0;0;0;0;0;0;0;0;0;0;0;0;6.62684E+07;0;1.544444E+08;0;1.368942E+07;4.605442E+07;0;4.956255E+07;1.288096E+08;0;9430716;3.89E+07;0;0;4.966722E+08;0;2.147813E+07;7.308607E+07;0;0;0;0;0;0;0;0;0;0;0;0;0;0;0;0;0;0;
46;0;0;196560;0;381024;0;184201;0;82604;0;308416;0;0;0;0;0;0;0;0;0;0;0;0;0;0;0;0;0;0;0;0;0;0;0;0;0;0;0;0;0;0;0;0;0;0;0;0;0;0;0;0;0;0;0;0;0;0;0;0;0;0;0;0;0;0;0;6.632244E+07;0;1.56349E+08;0;1.398416E+07;4.632933E+07;0;4.964516E+07;1.248042E+08;0;1.036479E+07;3.71555E+07;0;0;4.752461E+08;0;2.504102E+07;7.348318E+07;0;0;0;0;0;0;0;0;0;0;0;0;0;0;0;0;0;0;
47;0;0;196560;0;381024;0;184201;0;82604;0;308416;0;0;0;0;0;0;0;0;0;0;0;0;0;0;0;0;0;0;0;0;0;0;0;0;0;0;0;0;0;0;0;0;0;0;0;0;0;0;0;0;0;0;0;0;0;0;0;0;0;0;0;0;0;0;0;6.623256E+07;0;1.549304E+08;0;1.42205E+07;4.629285E+07;0;4.951999E+07;1.283721E+08;0;9597740;3.885159E+07;0;0;4.910606E+08;0;2.166137E+07;7.409402E+07;0;0;0;0;0;0;0;0;0;0;0;0;0;0;0;0;0;0;
48;0;0;196560;0;381024;0;184201;0;82604;0;308416;0;0;0;0;0;0;0;0;0;0;0;0;0;0;0;0;0;0;0;0;0;0;0;0;0;0;0;0;0;0;0;0;0;0;0;0;0;0;0;0;0;0;0;0;0;0;0;0;0;0;0;0;0;0;0;6.62489E+07;0;1.564365E+08;0;1.400907E+07;4.646296E+07;0;4.960078E+07;1.252332E+08;0;1.02709E+07;3.704314E+07;0;0;4.76542E+08;0;2.526421E+07;7.287889E+07;0;0;0;0;0;0;0;0;0;0;0;0;0;0;0;0;0;0;
49;0;0;196560;0;381024;0;184201;0;82604;0;308416;0;0;0;0;0;0;0;0;0;0;0;0;0;0;0;0;0;0;0;0;0;0;0;0;0;0;0;0;0;0;0;0;0;0;0;0;0;0;0;0;0;0;0;0;0;0;0;0;0;0;0;0;0;0;0;6.627742E+07;0;1.576152E+08;0;1.343328E+07;4.627439E+07;0;4.9619E+07;1.281288E+08;0;9524670;3.899847E+07;0;0;4.98476E+08;0;2.042309E+07;7.49476E+07;0;0;0;0;0;0;0;0;0;0;0;0;0;0;0;0;0;0;
50;0;0;196560;0;381024;0;184201;0;82604;0;308416;0;0;0;0;0;0;0;0;0;0;0;0;0;0;0;0;0;0;0;0;0;0;0;0;0;0;0;0;0;0;0;0;0;0;0;0;0;0;0;0;0;0;0;0;0;0;0;0;0;0;0;0;0;0;0;6.63682E+07;0;1.581829E+08;0;1.409176E+07;4.648377E+07;0;4.963709E+07;1.261683E+08;0;1.019162E+07;3.735371E+07;0;0;4.758967E+08;0;2.505091E+07;7.261769E+07;0;0;0;0;0;0;0;0;0;0;0;0;0;0;0;0;0;0;
51;0;0;196560;0;381024;0;184201;0;82604;0;308416;0;0;0;0;0;0;0;0;0;0;0;0;0;0;0;0;0;0;0;0;0;0;0;0;0;0;0;0;0;0;0;0;0;0;0;0;0;0;0;0;0;0;0;0;0;0;0;0;0;0;0;0;0;0;0;6.620117E+07;0;1.552538E+08;0;1.314523E+07;4.613442E+07;0;4.952222E+07;1.279512E+08;0;9588684;3.854486E+07;0;0;5.067033E+08;0;1.95703E+07;7.548542E+07;0;0;0;0;0;0;0;0;0;0;0;0;0;0;0;0;0;0;
52;0;0;196560;0;381024;0;184201;0;82604;0;308416;0;0;0;0;0;0;0;0;0;0;0;0;0;0;0;0;0;0;0;0;0;0;0;0;0;0;0;0;0;0;0;0;0;0;0;0;0;0;0;0;0;0;0;0;0;0;0;0;0;0;0;0;0;0;0;6.627885E+07;0;1.551561E+08;0;1.454325E+07;4.652613E+07;0;4.964395E+07;1.252134E+08;0;1.016835E+07;3.717788E+07;0;0;4.737275E+08;0;2.633224E+07;7.084638E+07;0;0;0;0;0;0;0;0;0;0;0;0;0;0;0;0;0;0;
53;0;0;196560;0;381024;0;184201;0;82604;0;308416;0;0;0;0;0;0;0;0;0;0;0;0;0;0;0;0;0;0;0;0;0;0;0;0;0;0;0;0;0;0;0;0;0;0;0;0;0;0;0;0;0;0;0;0;0;0;0;0;0;0;0;0;0;0;0;6.621787E+07;0;1.568061E+08;0;1.353551E+07;4.619594E+07;0;4.956521E+07;1.271218E+08;0;9688904;3.885362E+07;0;0;5.015772E+08;0;2.01818E+07;7.56831E+07;0;0;0;0;0;0;0;0;0;0;0;0;0;0;0;0;0;0;
54;0;0;196560;0;381024;0;184201;0;82604;0;308416;0;0;0;0;0;0;0;0;0;0;0;0;0;0;0;0;0;0;0;0;0;0;0;0;0;0;0;0;0;0;0;0;0;0;0;0;0;0;0;0;0;0;0;0;0;0;0;0;0;0;0;0;0;0;0;6.630306E+07;0;1.556621E+08;0;1.456557E+07;4.591527E+07;0;4.964346E+07;1.25551E+08;0;1.011829E+07;3.739324E+07;0;0;4.805777E+08;0;2.624221E+07;7.025458E+07;0;0;0;0;0;0;0;0;0;0;0;0;0;0;0;0;0;0;
55;0;0;196560;0;381024;0;184201;0;82604;0;308416;0;0;0;0;0;0;0;0;0;0;0;0;0;0;0;0;0;0;0;0;0;0;0;0;0;0;0;0;0;0;0;0;0;0;0;0;0;0;0;0;0;0;0;0;0;0;0;0;0;0;0;0;0;0;0;6.622906E+07;0;1.577591E+08;0;1.295002E+07;4.684986E+07;0;4.953962E+07;1.271842E+08;0;9617290;3.866445E+07;0;0;5.026703E+08;0;1.999118E+07;7.53632E+07;0;0;0;0;0;0;0;0;0;0;0;0;0;0;0;0;0;0;
56;0;0;196560;0;381024;0;184201;0;82604;0;308416;0;0;0;0;0;0;0;0;0;0;0;0;0;0;0;0;0;0;0;0;0;0;0;0;0;0;0;0;0;0;0;0;0;0;0;0;0;0;0;0;0;0;0;0;0;0;0;0;0;0;0;0;0;0;0;6.618688E+07;0;1.562554E+08;0;1.451788E+07;4.583819E+07;0;4.970142E+07;1.264501E+08;0;1.007928E+07;3.734036E+07;0;0;4.821593E+08;0;2.530937E+07;7.138477E+07;0;0;0;0;0;0;0;0;0;0;0;0;0;0;0;0;0;0;
57;0;0;196560;0;381024;0;184201;0;82604;0;308416;0;0;0;0;0;0;0;0;0;0;0;0;0;0;0;0;0;0;0;0;0;0;0;0;0;0;0;0;0;0;0;0;0;0;0;0;0;0;0;0;0;0;0;0;0;0;0;0;0;0;0;0;0;0;0;6.610315E+07;0;1.581676E+08;0;1.284688E+07;4.658789E+07;0;4.952292E+07;1.272405E+08;0;9626480;3.850264E+07;0;0;4.992629E+08;0;1.96297E+07;7.488039E+07;0;0;0;0;0;0;0;0;0;0;0;0;0;0;0;0;0;0;
58;0;0;196560;0;381024;0;184201;0;82604;0;308416;0;0;0;0;0;0;0;0;0;0;0;0;0;0;0;0;0;0;0;0;0;0;0;0;0;0;0;0;0;0;0;0;0;0;0;0;0;0;0;0;0;0;0;0;0;0;0;0;0;0;0;0;0;0;0;6.616006E+07;0;1.536037E+08;0;1.46736E+07;4.588342E+07;0;4.976275E+07;1.254327E+08;0;1.008585E+07;3.753621E+07;0;0;4.809177E+08;0;2.555664E+07;7.225256E+07;0;0;0;0;0;0;0;0;0;0;0;0;0;0;0;0;0;0;
59;0;0;196560;0;381024;0;184201;0;82604;0;308416;0;0;0;0;0;0;0;0;0;0;0;0;0;0;0;0;0;0;0;0;0;0;0;0;0;0;0;0;0;0;0;0;0;0;0;0;0;0;0;0;0;0;0;0;0;0;0;0;0;0;0;0;0;0;0;6.618159E+07;0;1.562644E+08;0;1.350172E+07;4.660515E+07;0;4.95581E+07;1.268824E+08;0;9730986;3.846955E+07;0;0;4.909668E+08;0;2.126762E+07;7.465079E+07;0;0;0;0;0;0;0;0;0;0;0;0;0;0;0;0;0;0;
60;0;0;196560;0;381024;0;184201;0;82604;0;308416;0;0;0;0;0;0;0;0;0;0;0;0;0;0;0;0;0;0;0;0;0;0;0;0;0;0;0;0;0;0;0;0;0;0;0;0;0;0;0;0;0;0;0;0;0;0;0;0;0;0;0;0;0;0;0;6.610491E+07;0;1.528778E+08;0;1.450496E+07;4.582112E+07;0;4.9717E+07;1.257858E+08;0;1.005164E+07;3.734524E+07;0;0;4.826903E+08;0;2.464917E+07;7.37789E+07;0;0;0;0;0;0;0;0;0;0;0;0;0;0;0;0;0;0;
